State,StateShort,Longitude,Latitude,Total Users,Total Exp,PerCapita,Total Senior Centers,% Funded Centers,% Title III Exp,% Male,% Female,% Rural,% Living Alone,% Minority,% Poverty,% Minority & Poverty,% Nutrition Risk,TotalBeds,ForProfit,Pay_mcare,Pay_mcaid,Pay_other,Occupancy,AvgAge,AvgADL,LowCareAlabama,AL,-86.79113,32.806671,57429,85298681,1485.3,355,97.5,17.3,31.7,66.7,49.7,37.6,34.3,29.8,13.2,40.1,26494,81.5,13.67,67.3,19.03,86.25,77.91,16.84,12.19Alaska,AK,-152.404419,64.2008,11859,23909508,2016.1,41,75.6,18.4,40.6,57.1,78.5,33,36.6,39.7,21,21.5,0,0,0,0,0,0,0,0,0Arizona,AZ,-111.431221,33.729759,34575,36191113,1046.7,218,99.1,56.2,37.7,61.7,45.7,24.2,35,47.1,19.3,39.1,24450,81.14,12.02,66.29,21.69,71.87,79.68,15.41,15.46Arkansas,AR,-92.373123,34.969704,41230,32872132,797.3,164,100,28,36,63.3,57.2,47.9,17.2,30,8.7,29.3,16525,80.27,16.1,58.89,25.01,71.21,76.01,16.59,10.41California,CA,-119.681564,36.116203,227593,218476488,959.9,500,43.6,38.4,37.4,61.1,12.8,38.5,46,43.9,24.3,34.7,116447,82.91,14.88,61.93,23.19,86.12,77.04,17.73,10.51Colorado,CO,-105.311104,39.059811,32655,33065609,1012.6,2,100,31.6,35.1,63.4,29.6,49.4,20.5,27.1,9.4,30.1,20550,76.5,11.6,61.2,27.2,79.57,79.52,15.26,14.39Connecticut,CT,-72.755371,41.597782,24215,31578013,1304.1,161,19.9,36.8,33.6,66.2,12,55.1,18.7,14.1,6.9,25.8,27649,75.98,13.66,68.94,17.4,87.15,81.69,16.13,13.92Delaware,DE,-75.507141,39.318523,16907,11907707,704.3,45,0,32.8,33.8,66.1,44.5,29.5,25.3,18.9,3.4,19.9,4886,63.04,17.86,59.63,22.51,88.38,80.37,16.46,12.57Florida,FL,-81.686783,27.766279,114105,491790822,4310,218,78.4,14.5,31.6,68.2,6.4,42.2,52.9,49.4,34.3,46.4,83192,72.86,20.52,57.38,22.1,87.66,79.83,17.4,8.48Georgia,GA,-83.643074,33.040619,30331,54734831,1804.6,255,86.7,38.7,28.5,71.2,33.3,45,44.6,46.7,24.2,27.9,40114,64.62,12.21,71.6,16.19,83.53,77.73,17.39,9.72Hawaii,HI,-157.498337,21.094318,7176,15532451,2164.5,38,7.9,26.5,31.3,68.5,61.4,36.2,74.7,26.5,20.9,35.3,4159,51.06,9.6,63.83,26.57,85.25,81.81,19.92,4Idaho,ID,-114.478828,44.240459,17854,8860808,496.3,94,61.7,40.3,38.2,61.2,50.9,38,4.8,19.7,1.5,28.1,31147,55.08,8.19,47.77,44.04,78.54,83.06,14.26,17Illinois,IL,-88.986137,40.349457,118425,86145448,727.4,187,59.9,35.8,34,65.2,22.8,53.4,32.9,37.5,11.9,30.4,5593,70.67,15.99,63.44,20.57,68.58,78.41,16.35,10.51Indiana,IN,-86.258278,39.849426,89304,53695593,601.3,174,44.8,29.1,34.3,65,25.1,31.5,18.3,42.9,9.2,22.9,94643,73.07,14.89,58.97,26.14,75.07,77.29,15.23,17.01Iowa,IA,-93.210526,42.011539,44220,34283005,775.3,110,33.6,31.2,32.2,65.6,54.5,50.6,5.2,37.2,2.7,25.6,52403,34.13,15.96,62.35,21.69,74.85,79.98,17.24,7.55Kansas,KS,-96.726486,38.5266,34558,22698229,656.8,347,0,35.2,36.8,63.2,64.1,45.4,8.7,20.6,3.4,32,23073,53.04,11.08,52.93,35.99,79.61,81.24,13.97,19.97Kentucky,KY,-84.670067,37.66814,24058,26620983,1106.5,361,100,65.5,33.3,66.6,66.3,56.2,10.6,44.6,5.7,32.4,26959,74.56,13.95,66.6,19.45,85.89,79.43,17.45,6.91Louisiana,LA,-91.867805,31.169546,39860,50732997,1272.8,139,0,21.8,33,66.2,39.5,45.3,35.8,37.9,18.1,41.5,34292,79.21,11.35,74.09,14.56,75.42,77.1,15.59,14.16Maine,ME,-69.381927,45.2538,17476,10848256,620.8,11,100,41.9,42.4,57.1,66.8,54.3,4,55.5,2.8,30.9,47204,70.22,12.8,61.07,26.13,86.52,81.76,17,10.92Maryland,MD,-76.802101,39.063946,37944,24664783,650,115,93.9,61.2,28.2,71.6,26.6,20.8,47.7,15.3,7.3,21.9,27874,71.62,19.42,61.21,19.37,87.21,78.55,18.21,6.42Massachusetts,MA,-71.530106,42.230171,108150,367990340,3402.6,330,35.2,5.6,32.3,66.2,5.5,46.6,13.2,11.4,2.8,16.6,6880,69.9,13.56,63.68,22.76,89.02,82.17,18.2,3.76Michigan,MI,-84.536095,43.326618,124736,82387420,660.5,347,53.9,31,33.8,62.4,45.1,40.4,17.9,25.6,9.1,32.2,46781,72.85,18.43,59.92,21.65,82.77,80.25,16.19,9.72Minnesota,MN,-93.900192,45.694454,51897,33190671,639.5,349,2.9,35.8,34.4,63.9,68.1,47.6,7.7,17.9,4,31.8,29790,30.37,10.7,52.66,36.64,84.84,82.76,15.28,15.2Mississippi,MS,-89.678696,32.741646,15735,17003254,1080.6,40,100,51.5,32.3,66.9,80.9,48,50.1,62.8,37.1,49.8,53444,75.49,10.29,62.72,26.99,72.54,78.17,13.17,24.33Missouri,MO,-92.288368,38.456085,103956,56444699,543,231,98.3,35.8,37.9,61.7,64.5,52.8,18.8,38.2,11.2,25.4,18414,77.45,14.47,74.84,10.69,87.28,77.47,16.32,13.11Montana,MT,-110.454353,46.921925,25986,21950678,844.7,154,100,15.5,38.1,58.4,52.6,36.3,8.1,14.1,1.8,48.5,6751,46.99,12.78,57.69,29.53,68.75,80.32,14.37,18.32Nebraska,NE,-98.268082,41.12537,28048,27897422,994.6,190,98.4,23.6,33.6,65.9,79.1,47.2,5.4,18.7,2.4,17.4,44601,79.43,16.14,63.61,20.25,82.52,79.13,17.54,6.68Nevada,NV,-117.055374,38.313515,25061,11495318,458.7,56,83.9,55.8,41.5,57,44,40,19.4,31.8,9.1,32.1,6011,3.75,7.52,51.22,41.26,91.57,83.9,15.22,14.67New Hampshire,NH,-71.563896,43.452492,32181,35561116,1105,62,0,13.6,33.8,65.7,74.9,46.2,0.5,15.3,0.1,28.7,15773,49.77,13,51.63,35.37,75.47,81.47,15.03,14.54New Jersey,NJ,-74.521011,40.298904,62731,88873806,1416.7,283,41.7,32.6,31.6,67.2,0,44.7,30.8,25.8,12.7,26,7525,60.53,15.64,63.4,20.96,88.58,82.83,15.58,13.35New Mexico,NM,-106.248482,34.840515,42326,31405817,742,137,97.8,19.5,41.4,57.6,31.6,39.1,45.7,27.2,17.5,19.9,52547,72.33,18.75,59.24,22.01,85.32,79.4,17.26,11.33New York,NY,-74.948051,42.165726,248943,424318714,1704.5,752,62.9,13.8,31.4,64.4,16.1,44.7,35.1,31.5,19.8,25.4,7070,72.6,11.4,64.3,24.3,79.25,79.04,15.39,13.71North Carolina,NC,-79.806419,35.630066,46801,68725351,1468.5,163,42.9,35.5,31.6,68.4,44,48,47.1,43.9,24.2,53.9,6400,78.18,18.4,57.7,23.9,77.63,75.02,16.95,11.07North Dakota,ND,-99.784012,47.528912,17688,12858452,727,204,0,37.7,38.2,61.7,68.3,49.2,4.5,20.3,2.5,14.7,116106,58.92,13.04,66.96,20,90.45,79.82,17.71,8.46Ohio,OH,-82.764915,40.388783,87008,83615478,961,212,62.7,33.1,35.2,63.9,40,47.8,22,35.1,11.1,34,90895,79.54,10.94,59.37,29.69,83.05,78.23,16.34,11.69Oklahoma,OK,-96.928917,35.565342,27253,23099186,847.6,508,28.9,50.7,37.1,62.9,55.2,41.9,16.8,31,7.4,27.4,28708,85.67,12.05,64.11,23.84,67.49,78.03,13.76,23.01Oregon,OR,-122.070938,44.572021,45684,29982140,656.3,134,24.6,29.1,33.3,52.6,30.1,40.7,8.6,13.9,2.6,26.1,11928,81.75,14.23,55.93,29.84,65.31,77.25,16.41,8.53Pennsylvania,PA,-77.209755,40.590752,122634,309202209,2521.3,417,32.1,32.7,30.7,68.4,27,47.1,18.8,23,6.5,23.2,88218,53.21,10.53,62.56,26.91,88.55,81.43,17.12,7.37Rhode Island,RI,-71.51178,41.680893,8362,5015329,599.8,46,21.7,73.2,31.5,67.8,4.6,49.8,8,12.5,2.4,29.7,8720,79.76,9.01,62.72,28.27,90.34,83.2,15.69,13.47South Carolina,SC,-80.945007,33.856892,20425,27461135,1344.5,133,97.7,43.5,28,71.9,62.8,3,54.2,47.8,30.7,69.8,19356,78.07,17.68,59.98,22.34,85.62,79.51,18.3,5.67South Dakota,SD,-99.438828,44.299782,15414,14300882,927.8,124,54.8,38,35.6,63.7,81,49.4,6.5,33.5,4.6,19.8,6861,35.45,8.72,52.33,38.95,91.48,83.88,14.47,16.87Tennessee,TN,-86.692345,35.747845,29356,35363162,1204.6,133,85.7,44.5,32.9,66.7,45.7,51.1,22.9,39.9,11.8,28.6,36568,81.5,17.63,59.45,22.92,77.27,78.98,18.3,5.8Texas,TX,-97.563461,31.054487,140195,108976527,777.3,163,98.2,47.8,36.3,63.6,34.5,44.5,53.4,50,31.5,35.1,131147,80.91,14.1,61.46,24.44,72.26,78.6,16.46,11.4Utah,UT,-111.862434,40.150032,32244,27489890,852.6,202,98,19.3,37.8,60.4,30.4,28.3,8.6,14.3,2.3,14.4,8611,77,18.2,51.92,29.88,67.67,74.3,17.76,4.54Vermont,VT,-72.710686,44.045876,19924,17230860,864.8,93,65.6,28.7,34,62.6,93.3,35.7,7.1,19.3,2.2,13.8,32438,68.75,17.74,59.19,23.07,85.95,79.19,17.35,9.18Virginia,VA,-78.169968,37.769337,25832,44839131,1735.8,137,72.3,47.1,29.3,69,33.7,44.8,38.3,37.7,17.7,44.1,3174,64.86,16.88,63.17,19.95,84.09,82.16,16.94,8.96Washington,WA,-121.490494,47.400902,55186,30651197,555.4,138,58.7,50.7,34.5,55.5,21,38.9,15.4,28.7,10,5.1,21211,73.42,17.61,59.64,22.75,80.04,79.21,16.92,8.62West Virginia,WV,-80.954453,38.491226,29215,19889227,680.8,120,100,33.6,37.2,62.5,75.5,49.6,3.5,34,1.5,40,33700,52.82,12.99,55.67,31.34,79.16,82.63,16.01,11.33Wisconsin,WI,-89.616508,44.268543,67112,54276581,808.7,115,16.5,22.7,36.4,63.6,68.5,49,7.1,22.4,3.4,26.1,10858,73.81,11.53,75.48,12.99,87.04,79.42,16.35,11.65Wyoming,WY,-107.30249,42.755966,21847,18723154,857,78,100,27.2,39.2,60.3,73.9,36.3,3.3,21.1,1.2,19.6,2950,42.11,10.16,62.28,27.56,76.3,81.98,14.14,15.93